<?xml version="1.0" encoding="UTF-8"?>
<project-private xmlns="http://www.netbeans.org/ns/project-private/1">
    <editor-bookmarks xmlns="http://www.netbeans.org/ns/editor-bookmarks/2" lastBookmarkId="0"/>
    <open-files xmlns="http://www.netbeans.org/ns/projectui-open-files/2">
        <group>
            <file>file:/C:/kuliahan/java_lab/POSapp/src/model/User.java</file>
            <file>file:/C:/kuliahan/java_lab/POSapp/src/controller/AuthController.java</file>
            <file>file:/C:/kuliahan/java_lab/POSapp/src/view/MenuUtama.java</file>
            <file>file:/C:/kuliahan/java_lab/POSapp/src/model/Product.java</file>
            <file>file:/C:/kuliahan/java_lab/POSapp/src/controller/ProductController.java</file>
            <file>file:/C:/kuliahan/java_lab/POSapp/src/view/ProductManagementView.java</file>
            <file>file:/C:/kuliahan/java_lab/POSapp/src/model/Transaction.java</file>
            <file>file:/C:/kuliahan/java_lab/POSapp/src/model/TransactionItem.java</file>
            <file>file:/C:/kuliahan/java_lab/POSapp/src/controller/TransactionController.java</file>
            <file>file:/C:/kuliahan/java_lab/POSapp/src/view/TransactionView.java</file>
            <file>file:/C:/kuliahan/java_lab/POSapp/src/view/Logview.java</file>
            <file>file:/C:/kuliahan/java_lab/POSapp/src/model/Log.java</file>
            <file>file:/C:/kuliahan/java_lab/POSapp/src/controller/LogController.java</file>
            <file>file:/C:/kuliahan/java_lab/POSapp/src/utils/Session.java</file>
            <file>file:/C:/kuliahan/java_lab/POSapp/src/model/PasswordUtil.java</file>
            <file>file:/C:/kuliahan/java_lab/POSapp/src/view/LoginView.java</file>
            <file>file:/C:/kuliahan/java_lab/POSapp/src/config/DatabaseHelper.java</file>
        </group>
    </open-files>
</project-private>
